study_number,original_chop_id,standardized_chop_id,block,setting,sex,sireline,days_aging,days_display,ph,ventral_color,ventral_marbling,ventral_firmness,minolta_ventral_l,minolta_ventral_a,minolta_ventral_b,chop_color,chop_marbling,chop_firmness,minolta_chop_l,minolta_chop_a,minolta_chop_b,moisture_percent,fat_percent,source_file,import_date
2006.0,113.0,2006B02C0113D00,2.0,,,,,0.0,,,,,,,,,,,,,,,,archived_images_no_db_record,2025-11-30T16:45:42.807185
2006.0,114.0,2006B02C0114D00,2.0,,,,,0.0,,,,,,,,,,,,,,,,archived_images_no_db_record,2025-11-30T16:45:42.807242
2006.0,118.0,2006B02C0118D00,2.0,,,,,0.0,,,,,,,,,,,,,,,,archived_images_no_db_record,2025-11-30T16:45:42.807268
2006.0,122.0,2006B02C0122D00,2.0,,,,,0.0,,,,,,,,,,,,,,,,archived_images_no_db_record,2025-11-30T16:45:42.807288
2006.0,125.0,2006B02C0125D00,2.0,,,,,0.0,,,,,,,,,,,,,,,,archived_images_no_db_record,2025-11-30T16:45:42.807306
2006.0,131.0,2006B02C0131D00,2.0,,,,,0.0,,,,,,,,,,,,,,,,archived_images_no_db_record,2025-11-30T16:45:42.807323
2006.0,138.0,2006B02C0138D00,2.0,,,,,0.0,,,,,,,,,,,,,,,,archived_images_no_db_record,2025-11-30T16:45:42.807340
2006.0,144.0,2006B02C0144D00,2.0,,,,,0.0,,,,,,,,,,,,,,,,archived_images_no_db_record,2025-11-30T16:45:42.807356
2006.0,145.0,2006B02C0145D00,2.0,,,,,0.0,,,,,,,,,,,,,,,,archived_images_no_db_record,2025-11-30T16:45:42.807371
2006.0,149.0,2006B02C0149D00,2.0,,,,,0.0,,,,,,,,,,,,,,,,archived_images_no_db_record,2025-11-30T16:45:42.807388
2006.0,151.0,2006B02C0151D00,2.0,,,,,0.0,,,,,,,,,,,,,,,,archived_images_no_db_record,2025-11-30T16:45:42.807403
2006.0,155.0,2006B02C0155D00,2.0,,,,,0.0,,,,,,,,,,,,,,,,archived_images_no_db_record,2025-11-30T16:45:42.807418
2006.0,157.0,2006B02C0157D00,2.0,,,,,0.0,,,,,,,,,,,,,,,,archived_images_no_db_record,2025-11-30T16:45:42.807434
2006.0,158.0,2006B02C0158D00,2.0,,,,,0.0,,,,,,,,,,,,,,,,archived_images_no_db_record,2025-11-30T16:45:42.807448
2006.0,173.0,2006B02C0173D00,2.0,,,,,0.0,,,,,,,,,,,,,,,,archived_images_no_db_record,2025-11-30T16:45:42.807462
2006.0,174.0,2006B02C0174D00,2.0,,,,,0.0,,,,,,,,,,,,,,,,archived_images_no_db_record,2025-11-30T16:45:42.807476
2006.0,179.0,2006B02C0179D00,2.0,,,,,0.0,,,,,,,,,,,,,,,,archived_images_no_db_record,2025-11-30T16:45:42.807490
2006.0,180.0,2006B02C0180D00,2.0,,,,,0.0,,,,,,,,,,,,,,,,archived_images_no_db_record,2025-11-30T16:45:42.807504
2006.0,185.0,2006B02C0185D00,2.0,,,,,0.0,,,,,,,,,,,,,,,,archived_images_no_db_record,2025-11-30T16:45:42.807518
2006.0,191.0,2006B02C0191D00,2.0,,,,,0.0,,,,,,,,,,,,,,,,archived_images_no_db_record,2025-11-30T16:45:42.807533
2006.0,192.0,2006B02C0192D00,2.0,,,,,0.0,,,,,,,,,,,,,,,,archived_images_no_db_record,2025-11-30T16:45:42.807547
2006.0,193.0,2006B02C0193D00,2.0,,,,,0.0,,,,,,,,,,,,,,,,archived_images_no_db_record,2025-11-30T16:45:42.807561
2006.0,195.0,2006B02C0195D00,2.0,,,,,0.0,,,,,,,,,,,,,,,,archived_images_no_db_record,2025-11-30T16:45:42.807575
2006.0,196.0,2006B02C0196D00,2.0,,,,,0.0,,,,,,,,,,,,,,,,archived_images_no_db_record,2025-11-30T16:45:42.807589
2006.0,198.0,2006B02C0198D00,2.0,,,,,0.0,,,,,,,,,,,,,,,,archived_images_no_db_record,2025-11-30T16:45:42.807602
2006.0,199.0,2006B02C0199D00,2.0,,,,,0.0,,,,,,,,,,,,,,,,archived_images_no_db_record,2025-11-30T16:45:42.807616
2006.0,203.0,2006B02C0203D00,2.0,,,,,0.0,,,,,,,,,,,,,,,,archived_images_no_db_record,2025-11-30T16:45:42.807630
2006.0,605.0,2006B02C0605D00,2.0,,,,,0.0,,,,,,,,,,,,,,,,archived_images_no_db_record,2025-11-30T16:45:42.807646
2006.0,607.0,2006B02C0607D00,2.0,,,,,0.0,,,,,,,,,,,,,,,,archived_images_no_db_record,2025-11-30T16:45:42.807662
2006.0,608.0,2006B02C0608D00,2.0,,,,,0.0,,,,,,,,,,,,,,,,archived_images_no_db_record,2025-11-30T16:45:42.807677
2006.0,610.0,2006B02C0610D00,2.0,,,,,0.0,,,,,,,,,,,,,,,,archived_images_no_db_record,2025-11-30T16:45:42.807691
2006.0,611.0,2006B02C0611D00,2.0,,,,,0.0,,,,,,,,,,,,,,,,archived_images_no_db_record,2025-11-30T16:45:42.807705
2006.0,612.0,2006B02C0612D00,2.0,,,,,0.0,,,,,,,,,,,,,,,,archived_images_no_db_record,2025-11-30T16:45:42.807724
2006.0,614.0,2006B02C0614D00,2.0,,,,,0.0,,,,,,,,,,,,,,,,archived_images_no_db_record,2025-11-30T16:45:42.807739
2006.0,615.0,2006B02C0615D00,2.0,,,,,0.0,,,,,,,,,,,,,,,,archived_images_no_db_record,2025-11-30T16:45:42.807753
2006.0,619.0,2006B02C0619D00,2.0,,,,,0.0,,,,,,,,,,,,,,,,archived_images_no_db_record,2025-11-30T16:45:42.807767
2006.0,621.0,2006B02C0621D00,2.0,,,,,0.0,,,,,,,,,,,,,,,,archived_images_no_db_record,2025-11-30T16:45:42.807781
2006.0,626.0,2006B02C0626D00,2.0,,,,,0.0,,,,,,,,,,,,,,,,archived_images_no_db_record,2025-11-30T16:45:42.807794
2006.0,632.0,2006B02C0632D00,2.0,,,,,0.0,,,,,,,,,,,,,,,,archived_images_no_db_record,2025-11-30T16:45:42.807808
2006.0,634.0,2006B02C0634D00,2.0,,,,,0.0,,,,,,,,,,,,,,,,archived_images_no_db_record,2025-11-30T16:45:42.807821
2006.0,639.0,2006B02C0639D00,2.0,,,,,0.0,,,,,,,,,,,,,,,,archived_images_no_db_record,2025-11-30T16:45:42.807835
2006.0,640.0,2006B02C0640D00,2.0,,,,,0.0,,,,,,,,,,,,,,,,archived_images_no_db_record,2025-11-30T16:45:42.807849
2006.0,641.0,2006B02C0641D00,2.0,,,,,0.0,,,,,,,,,,,,,,,,archived_images_no_db_record,2025-11-30T16:45:42.807862
2006.0,643.0,2006B02C0643D00,2.0,,,,,0.0,,,,,,,,,,,,,,,,archived_images_no_db_record,2025-11-30T16:45:42.807876
2006.0,644.0,2006B02C0644D00,2.0,,,,,0.0,,,,,,,,,,,,,,,,archived_images_no_db_record,2025-11-30T16:45:42.807890
2006.0,647.0,2006B02C0647D00,2.0,,,,,0.0,,,,,,,,,,,,,,,,archived_images_no_db_record,2025-11-30T16:45:42.807904
2006.0,655.0,2006B02C0655D00,2.0,,,,,0.0,,,,,,,,,,,,,,,,archived_images_no_db_record,2025-11-30T16:45:42.807919
2006.0,657.0,2006B02C0657D00,2.0,,,,,0.0,,,,,,,,,,,,,,,,archived_images_no_db_record,2025-11-30T16:45:42.807933
2006.0,658.0,2006B02C0658D00,2.0,,,,,0.0,,,,,,,,,,,,,,,,archived_images_no_db_record,2025-11-30T16:45:42.807947
2006.0,659.0,2006B02C0659D00,2.0,,,,,0.0,,,,,,,,,,,,,,,,archived_images_no_db_record,2025-11-30T16:45:42.807961
2006.0,660.0,2006B02C0660D00,2.0,,,,,0.0,,,,,,,,,,,,,,,,archived_images_no_db_record,2025-11-30T16:45:42.807975
2006.0,665.0,2006B02C0665D00,2.0,,,,,0.0,,,,,,,,,,,,,,,,archived_images_no_db_record,2025-11-30T16:45:42.807989
2006.0,668.0,2006B02C0668D00,2.0,,,,,0.0,,,,,,,,,,,,,,,,archived_images_no_db_record,2025-11-30T16:45:42.808002
2006.0,669.0,2006B02C0669D00,2.0,,,,,0.0,,,,,,,,,,,,,,,,archived_images_no_db_record,2025-11-30T16:45:42.808016
2006.0,670.0,2006B02C0670D00,2.0,,,,,0.0,,,,,,,,,,,,,,,,archived_images_no_db_record,2025-11-30T16:45:42.808030
2006.0,671.0,2006B02C0671D00,2.0,,,,,0.0,,,,,,,,,,,,,,,,archived_images_no_db_record,2025-11-30T16:45:42.808044
2006.0,672.0,2006B02C0672D00,2.0,,,,,0.0,,,,,,,,,,,,,,,,archived_images_no_db_record,2025-11-30T16:45:42.808058
2006.0,677.0,2006B02C0677D00,2.0,,,,,0.0,,,,,,,,,,,,,,,,archived_images_no_db_record,2025-11-30T16:45:42.808072
2006.0,681.0,2006B02C0681D00,2.0,,,,,0.0,,,,,,,,,,,,,,,,archived_images_no_db_record,2025-11-30T16:45:42.808086
2006.0,687.0,2006B02C0687D00,2.0,,,,,0.0,,,,,,,,,,,,,,,,archived_images_no_db_record,2025-11-30T16:45:42.808099
2006.0,688.0,2006B02C0688D00,2.0,,,,,0.0,,,,,,,,,,,,,,,,archived_images_no_db_record,2025-11-30T16:45:42.808113
2006.0,689.0,2006B02C0689D00,2.0,,,,,0.0,,,,,,,,,,,,,,,,archived_images_no_db_record,2025-11-30T16:45:42.808127
2006.0,693.0,2006B02C0693D00,2.0,,,,,0.0,,,,,,,,,,,,,,,,archived_images_no_db_record,2025-11-30T16:45:42.808141
2006.0,697.0,2006B02C0697D00,2.0,,,,,0.0,,,,,,,,,,,,,,,,archived_images_no_db_record,2025-11-30T16:45:42.808156
2006.0,699.0,2006B02C0699D00,2.0,,,,,0.0,,,,,,,,,,,,,,,,archived_images_no_db_record,2025-11-30T16:45:42.808170
2006.0,706.0,2006B02C0706D00,2.0,,,,,0.0,,,,,,,,,,,,,,,,archived_images_no_db_record,2025-11-30T16:45:42.808184
2006.0,716.0,2006B02C0716D00,2.0,,,,,0.0,,,,,,,,,,,,,,,,archived_images_no_db_record,2025-11-30T16:45:42.808197
2010.0,261.0,2010B02C0261D00,2.0,,,,,0.0,,,,,,,,,,,,,,,,archived_images_no_db_record,2025-11-30T16:45:42.808211
2010.0,262.0,2010B02C0262D00,2.0,,,,,0.0,,,,,,,,,,,,,,,,archived_images_no_db_record,2025-11-30T16:45:42.808225
2010.0,263.0,2010B02C0263D00,2.0,,,,,0.0,,,,,,,,,,,,,,,,archived_images_no_db_record,2025-11-30T16:45:42.808239
2010.0,264.0,2010B02C0264D00,2.0,,,,,0.0,,,,,,,,,,,,,,,,archived_images_no_db_record,2025-11-30T16:45:42.808252
2010.0,265.0,2010B02C0265D00,2.0,,,,,0.0,,,,,,,,,,,,,,,,archived_images_no_db_record,2025-11-30T16:45:42.808266
2010.0,266.0,2010B02C0266D00,2.0,,,,,0.0,,,,,,,,,,,,,,,,archived_images_no_db_record,2025-11-30T16:45:42.808279
2010.0,267.0,2010B02C0267D00,2.0,,,,,0.0,,,,,,,,,,,,,,,,archived_images_no_db_record,2025-11-30T16:45:42.808293
2010.0,268.0,2010B02C0268D00,2.0,,,,,0.0,,,,,,,,,,,,,,,,archived_images_no_db_record,2025-11-30T16:45:42.808306
2010.0,269.0,2010B02C0269D00,2.0,,,,,0.0,,,,,,,,,,,,,,,,archived_images_no_db_record,2025-11-30T16:45:42.808320
2010.0,270.0,2010B02C0270D00,2.0,,,,,0.0,,,,,,,,,,,,,,,,archived_images_no_db_record,2025-11-30T16:45:42.808334
2010.0,271.0,2010B02C0271D00,2.0,,,,,0.0,,,,,,,,,,,,,,,,archived_images_no_db_record,2025-11-30T16:45:42.808349
2010.0,272.0,2010B02C0272D00,2.0,,,,,0.0,,,,,,,,,,,,,,,,archived_images_no_db_record,2025-11-30T16:45:42.808363
2010.0,273.0,2010B02C0273D00,2.0,,,,,0.0,,,,,,,,,,,,,,,,archived_images_no_db_record,2025-11-30T16:45:42.808377
2010.0,274.0,2010B02C0274D00,2.0,,,,,0.0,,,,,,,,,,,,,,,,archived_images_no_db_record,2025-11-30T16:45:42.808390
2010.0,276.0,2010B02C0276D00,2.0,,,,,0.0,,,,,,,,,,,,,,,,archived_images_no_db_record,2025-11-30T16:45:42.808404
2010.0,277.0,2010B02C0277D00,2.0,,,,,0.0,,,,,,,,,,,,,,,,archived_images_no_db_record,2025-11-30T16:45:42.808418
2010.0,278.0,2010B02C0278D00,2.0,,,,,0.0,,,,,,,,,,,,,,,,archived_images_no_db_record,2025-11-30T16:45:42.808432
2010.0,279.0,2010B02C0279D00,2.0,,,,,0.0,,,,,,,,,,,,,,,,archived_images_no_db_record,2025-11-30T16:45:42.808445
2010.0,280.0,2010B02C0280D00,2.0,,,,,0.0,,,,,,,,,,,,,,,,archived_images_no_db_record,2025-11-30T16:45:42.808459
2010.0,281.0,2010B02C0281D00,2.0,,,,,0.0,,,,,,,,,,,,,,,,archived_images_no_db_record,2025-11-30T16:45:42.808472
2010.0,336.0,2010B03C0336D00,3.0,,,,,0.0,,,,,,,,,,,,,,,,archived_images_no_db_record,2025-11-30T16:45:42.808486
2010.0,337.0,2010B03C0337D00,3.0,,,,,0.0,,,,,,,,,,,,,,,,archived_images_no_db_record,2025-11-30T16:45:42.808500
2010.0,338.0,2010B03C0338D00,3.0,,,,,0.0,,,,,,,,,,,,,,,,archived_images_no_db_record,2025-11-30T16:45:42.808513
2010.0,339.0,2010B03C0339D00,3.0,,,,,0.0,,,,,,,,,,,,,,,,archived_images_no_db_record,2025-11-30T16:45:42.808527
2010.0,340.0,2010B03C0340D00,3.0,,,,,0.0,,,,,,,,,,,,,,,,archived_images_no_db_record,2025-11-30T16:45:42.808542
2010.0,341.0,2010B03C0341D00,3.0,,,,,0.0,,,,,,,,,,,,,,,,archived_images_no_db_record,2025-11-30T16:45:42.808555
2010.0,342.0,2010B03C0342D00,3.0,,,,,0.0,,,,,,,,,,,,,,,,archived_images_no_db_record,2025-11-30T16:45:42.808570
2010.0,343.0,2010B03C0343D00,3.0,,,,,0.0,,,,,,,,,,,,,,,,archived_images_no_db_record,2025-11-30T16:45:42.808583
2010.0,344.0,2010B03C0344D00,3.0,,,,,0.0,,,,,,,,,,,,,,,,archived_images_no_db_record,2025-11-30T16:45:42.808597
2010.0,345.0,2010B03C0345D00,3.0,,,,,0.0,,,,,,,,,,,,,,,,archived_images_no_db_record,2025-11-30T16:45:42.808610
2010.0,346.0,2010B03C0346D00,3.0,,,,,0.0,,,,,,,,,,,,,,,,archived_images_no_db_record,2025-11-30T16:45:42.808624
2010.0,347.0,2010B03C0347D00,3.0,,,,,0.0,,,,,,,,,,,,,,,,archived_images_no_db_record,2025-11-30T16:45:42.808638
2010.0,348.0,2010B03C0348D00,3.0,,,,,0.0,,,,,,,,,,,,,,,,archived_images_no_db_record,2025-11-30T16:45:42.808651
2010.0,349.0,2010B03C0349D00,3.0,,,,,0.0,,,,,,,,,,,,,,,,archived_images_no_db_record,2025-11-30T16:45:42.808665
2010.0,350.0,2010B03C0350D00,3.0,,,,,0.0,,,,,,,,,,,,,,,,archived_images_no_db_record,2025-11-30T16:45:42.808679
2010.0,351.0,2010B03C0351D00,3.0,,,,,0.0,,,,,,,,,,,,,,,,archived_images_no_db_record,2025-11-30T16:45:42.808692
2010.0,352.0,2010B03C0352D00,3.0,,,,,0.0,,,,,,,,,,,,,,,,archived_images_no_db_record,2025-11-30T16:45:42.808706
2010.0,353.0,2010B03C0353D00,3.0,,,,,0.0,,,,,,,,,,,,,,,,archived_images_no_db_record,2025-11-30T16:45:42.808720
2010.0,354.0,2010B03C0354D00,3.0,,,,,0.0,,,,,,,,,,,,,,,,archived_images_no_db_record,2025-11-30T16:45:42.808734
2010.0,355.0,2010B03C0355D00,3.0,,,,,0.0,,,,,,,,,,,,,,,,archived_images_no_db_record,2025-11-30T16:45:42.808747
2010.0,356.0,2010B03C0356D00,3.0,,,,,0.0,,,,,,,,,,,,,,,,archived_images_no_db_record,2025-11-30T16:45:42.808761
2010.0,357.0,2010B03C0357D00,3.0,,,,,0.0,,,,,,,,,,,,,,,,archived_images_no_db_record,2025-11-30T16:45:42.808774
2010.0,358.0,2010B03C0358D00,3.0,,,,,0.0,,,,,,,,,,,,,,,,archived_images_no_db_record,2025-11-30T16:45:42.808789
2010.0,359.0,2010B03C0359D00,3.0,,,,,0.0,,,,,,,,,,,,,,,,archived_images_no_db_record,2025-11-30T16:45:42.808804
2010.0,360.0,2010B03C0360D00,3.0,,,,,0.0,,,,,,,,,,,,,,,,archived_images_no_db_record,2025-11-30T16:45:42.808817
2010.0,361.0,2010B03C0361D00,3.0,,,,,0.0,,,,,,,,,,,,,,,,archived_images_no_db_record,2025-11-30T16:45:42.808831
2010.0,362.0,2010B03C0362D00,3.0,,,,,0.0,,,,,,,,,,,,,,,,archived_images_no_db_record,2025-11-30T16:45:42.808844
2010.0,363.0,2010B03C0363D00,3.0,,,,,0.0,,,,,,,,,,,,,,,,archived_images_no_db_record,2025-11-30T16:45:42.808859
2010.0,364.0,2010B03C0364D00,3.0,,,,,0.0,,,,,,,,,,,,,,,,archived_images_no_db_record,2025-11-30T16:45:42.808872
2010.0,365.0,2010B03C0365D00,3.0,,,,,0.0,,,,,,,,,,,,,,,,archived_images_no_db_record,2025-11-30T16:45:42.808886
2010.0,366.0,2010B03C0366D00,3.0,,,,,0.0,,,,,,,,,,,,,,,,archived_images_no_db_record,2025-11-30T16:45:42.808899
2010.0,367.0,2010B03C0367D00,3.0,,,,,0.0,,,,,,,,,,,,,,,,archived_images_no_db_record,2025-11-30T16:45:42.808913
2010.0,368.0,2010B03C0368D00,3.0,,,,,0.0,,,,,,,,,,,,,,,,archived_images_no_db_record,2025-11-30T16:45:42.808927
2010.0,369.0,2010B03C0369D00,3.0,,,,,0.0,,,,,,,,,,,,,,,,archived_images_no_db_record,2025-11-30T16:45:42.808941
2010.0,370.0,2010B03C0370D00,3.0,,,,,0.0,,,,,,,,,,,,,,,,archived_images_no_db_record,2025-11-30T16:45:42.808954
2010.0,371.0,2010B03C0371D00,3.0,,,,,0.0,,,,,,,,,,,,,,,,archived_images_no_db_record,2025-11-30T16:45:42.808969
2010.0,372.0,2010B03C0372D00,3.0,,,,,0.0,,,,,,,,,,,,,,,,archived_images_no_db_record,2025-11-30T16:45:42.808983
2010.0,373.0,2010B03C0373D00,3.0,,,,,0.0,,,,,,,,,,,,,,,,archived_images_no_db_record,2025-11-30T16:45:42.808997
2010.0,375.0,2010B03C0375D00,3.0,,,,,0.0,,,,,,,,,,,,,,,,archived_images_no_db_record,2025-11-30T16:45:42.809010
2010.0,376.0,2010B03C0376D00,3.0,,,,,0.0,,,,,,,,,,,,,,,,archived_images_no_db_record,2025-11-30T16:45:42.809024
2104.0,89.0,2104B01C0089D00,1.0,,,,,0.0,,,,,,,,,,,,,,,,archived_images_no_db_record,2025-11-30T16:45:42.809038
2104.0,501.0,2104B01C0501D00,1.0,,,,,0.0,,,,,,,,,,,,,,,,archived_images_no_db_record,2025-11-30T16:45:42.809051
2104.0,502.0,2104B01C0502D00,1.0,,,,,0.0,,,,,,,,,,,,,,,,archived_images_no_db_record,2025-11-30T16:45:42.809065
2104.0,503.0,2104B01C0503D00,1.0,,,,,0.0,,,,,,,,,,,,,,,,archived_images_no_db_record,2025-11-30T16:45:42.809079
2104.0,504.0,2104B01C0504D00,1.0,,,,,0.0,,,,,,,,,,,,,,,,archived_images_no_db_record,2025-11-30T16:45:42.809093
2104.0,505.0,2104B01C0505D00,1.0,,,,,0.0,,,,,,,,,,,,,,,,archived_images_no_db_record,2025-11-30T16:45:42.809106
2104.0,519.0,2104B01C0519D00,1.0,,,,,0.0,,,,,,,,,,,,,,,,archived_images_no_db_record,2025-11-30T16:45:42.809120
2104.0,530.0,2104B01C0530D00,1.0,,,,,0.0,,,,,,,,,,,,,,,,archived_images_no_db_record,2025-11-30T16:45:42.809133
2104.0,574.0,2104B01C0574D00,1.0,,,,,0.0,,,,,,,,,,,,,,,,archived_images_no_db_record,2025-11-30T16:45:42.809148
2104.0,597.0,2104B01C0597D00,1.0,,,,,0.0,,,,,,,,,,,,,,,,archived_images_no_db_record,2025-11-30T16:45:42.809161
2104.0,5121.0,2104B01C5121D00,1.0,,,,,0.0,,,,,,,,,,,,,,,,archived_images_no_db_record,2025-11-30T16:45:42.809175
2104.0,5570.0,2104B01C5570D00,1.0,,,,,0.0,,,,,,,,,,,,,,,,archived_images_no_db_record,2025-11-30T16:45:42.809189
2104.0,5596.0,2104B01C5596D00,1.0,,,,,0.0,,,,,,,,,,,,,,,,archived_images_no_db_record,2025-11-30T16:45:42.809202
2104.0,601.0,2104B02C0601D00,2.0,,,,,0.0,,,,,,,,,,,,,,,,archived_images_no_db_record,2025-11-30T16:45:42.809216
2104.0,602.0,2104B02C0602D00,2.0,,,,,0.0,,,,,,,,,,,,,,,,archived_images_no_db_record,2025-11-30T16:45:42.809231
2104.0,603.0,2104B02C0603D00,2.0,,,,,0.0,,,,,,,,,,,,,,,,archived_images_no_db_record,2025-11-30T16:45:42.809244
2104.0,604.0,2104B02C0604D00,2.0,,,,,0.0,,,,,,,,,,,,,,,,archived_images_no_db_record,2025-11-30T16:45:42.809258
2104.0,605.0,2104B02C0605D00,2.0,,,,,0.0,,,,,,,,,,,,,,,,archived_images_no_db_record,2025-11-30T16:45:42.809271
2104.0,606.0,2104B02C0606D00 (2),2.0,,,,,0.0,,,,,,,,,,,,,,,,archived_images_no_db_record,2025-11-30T16:45:42.809285
,,2108B00C100XD00,,,,,,,,,,,,,,,,,,,,,,archived_images_no_db_record,2025-11-30T16:45:42.809300
,,2108B00C124XD00,,,,,,,,,,,,,,,,,,,,,,archived_images_no_db_record,2025-11-30T16:45:42.809314
,,2108B00C140XD00,,,,,,,,,,,,,,,,,,,,,,archived_images_no_db_record,2025-11-30T16:45:42.809327
,,2108B00C169XD00,,,,,,,,,,,,,,,,,,,,,,archived_images_no_db_record,2025-11-30T16:45:42.809341
,,2108B00C169XYD00,,,,,,,,,,,,,,,,,,,,,,archived_images_no_db_record,2025-11-30T16:45:42.809355
,,2108B00C177XD00,,,,,,,,,,,,,,,,,,,,,,archived_images_no_db_record,2025-11-30T16:45:42.809368
,,2108B00C306XD00,,,,,,,,,,,,,,,,,,,,,,archived_images_no_db_record,2025-11-30T16:45:42.809381
2110.0,104.0,2110B00C0104D00,0.0,,,,,0.0,,,,,,,,,,,,,,,,archived_images_no_db_record,2025-11-30T16:45:42.809395
2116.0,111.0,2116B01C0111D00,1.0,,,,,0.0,,,,,,,,,,,,,,,,archived_images_no_db_record,2025-11-30T16:45:42.809408
2116.0,128.0,2116B01C0128D00,1.0,,,,,0.0,,,,,,,,,,,,,,,,archived_images_no_db_record,2025-11-30T16:45:42.809422
2116.0,134.0,2116B01C0134D00,1.0,,,,,0.0,,,,,,,,,,,,,,,,archived_images_no_db_record,2025-11-30T16:45:42.809436
2116.0,4126.0,2116B04C4126D00,4.0,,,,,0.0,,,,,,,,,,,,,,,,archived_images_no_db_record,2025-11-30T16:45:42.809449
2116.0,4127.0,2116B04C4127D00,4.0,,,,,0.0,,,,,,,,,,,,,,,,archived_images_no_db_record,2025-11-30T16:45:42.809463
2116.0,4128.0,2116B04C4128D00,4.0,,,,,0.0,,,,,,,,,,,,,,,,archived_images_no_db_record,2025-11-30T16:45:42.809477
2205.0,2008.0,2205B01C2008D02,1.0,,,,,2.0,,,,,,,,,,,,,,,,archived_images_no_db_record,2025-11-30T16:45:42.809491
2205.0,2019.0,2205B01C2019D02,1.0,,,,,2.0,,,,,,,,,,,,,,,,archived_images_no_db_record,2025-11-30T16:45:42.809505
2205.0,2020.0,2205B01C2020D02,1.0,,,,,2.0,,,,,,,,,,,,,,,,archived_images_no_db_record,2025-11-30T16:45:42.809520
2205.0,2026.0,2205B01C2026D02,1.0,,,,,2.0,,,,,,,,,,,,,,,,archived_images_no_db_record,2025-11-30T16:45:42.809534
2205.0,2030.0,2205B01C2030D02,1.0,,,,,2.0,,,,,,,,,,,,,,,,archived_images_no_db_record,2025-11-30T16:45:42.809548
2205.0,2035.0,2205B01C2035D02,1.0,,,,,2.0,,,,,,,,,,,,,,,,archived_images_no_db_record,2025-11-30T16:45:42.809561
2205.0,2036.0,2205B01C2036D02,1.0,,,,,2.0,,,,,,,,,,,,,,,,archived_images_no_db_record,2025-11-30T16:45:42.809576
2205.0,2038.0,2205B01C2038D02,1.0,,,,,2.0,,,,,,,,,,,,,,,,archived_images_no_db_record,2025-11-30T16:45:42.809590
2205.0,2042.0,2205B01C2042D02,1.0,,,,,2.0,,,,,,,,,,,,,,,,archived_images_no_db_record,2025-11-30T16:45:42.809603
2205.0,2049.0,2205B01C2049D02,1.0,,,,,2.0,,,,,,,,,,,,,,,,archived_images_no_db_record,2025-11-30T16:45:42.809617
2205.0,2054.0,2205B01C2054D02,1.0,,,,,2.0,,,,,,,,,,,,,,,,archived_images_no_db_record,2025-11-30T16:45:42.809631
2205.0,2072.0,2205B01C2072D02,1.0,,,,,2.0,,,,,,,,,,,,,,,,archived_images_no_db_record,2025-11-30T16:45:42.809645
2205.0,2075.0,2205B01C2075D02,1.0,,,,,2.0,,,,,,,,,,,,,,,,archived_images_no_db_record,2025-11-30T16:45:42.809658
2205.0,2079.0,2205B01C2079D02,1.0,,,,,2.0,,,,,,,,,,,,,,,,archived_images_no_db_record,2025-11-30T16:45:42.809676
2205.0,2085.0,2205B01C2085D02,1.0,,,,,2.0,,,,,,,,,,,,,,,,archived_images_no_db_record,2025-11-30T16:45:42.809690
2205.0,2089.0,2205B01C2089D02,1.0,,,,,2.0,,,,,,,,,,,,,,,,archived_images_no_db_record,2025-11-30T16:45:42.809704
2205.0,2094.0,2205B01C2094D02,1.0,,,,,2.0,,,,,,,,,,,,,,,,archived_images_no_db_record,2025-11-30T16:45:42.809718
2205.0,2102.0,2205B01C2102D02,1.0,,,,,2.0,,,,,,,,,,,,,,,,archived_images_no_db_record,2025-11-30T16:45:42.809731
2205.0,2103.0,2205B01C2103D02,1.0,,,,,2.0,,,,,,,,,,,,,,,,archived_images_no_db_record,2025-11-30T16:45:42.809745
2205.0,2225.0,2205B01C2225D02,1.0,,,,,2.0,,,,,,,,,,,,,,,,archived_images_no_db_record,2025-11-30T16:45:42.809759
2205.0,8003.0,2205B01C8003D02,1.0,,,,,2.0,,,,,,,,,,,,,,,,archived_images_no_db_record,2025-11-30T16:45:42.809773
2205.0,8012.0,2205B01C8012D02,1.0,,,,,2.0,,,,,,,,,,,,,,,,archived_images_no_db_record,2025-11-30T16:45:42.809787
2205.0,8014.0,2205B01C8014D02,1.0,,,,,2.0,,,,,,,,,,,,,,,,archived_images_no_db_record,2025-11-30T16:45:42.809801
2205.0,8026.0,2205B01C8026D02,1.0,,,,,2.0,,,,,,,,,,,,,,,,archived_images_no_db_record,2025-11-30T16:45:42.809815
2205.0,8027.0,2205B01C8027D02,1.0,,,,,2.0,,,,,,,,,,,,,,,,archived_images_no_db_record,2025-11-30T16:45:42.809828
2205.0,8034.0,2205B01C8034D02,1.0,,,,,2.0,,,,,,,,,,,,,,,,archived_images_no_db_record,2025-11-30T16:45:42.809842
2205.0,8043.0,2205B01C8043D02,1.0,,,,,2.0,,,,,,,,,,,,,,,,archived_images_no_db_record,2025-11-30T16:45:42.809855
2205.0,8048.0,2205B01C8048D02,1.0,,,,,2.0,,,,,,,,,,,,,,,,archived_images_no_db_record,2025-11-30T16:45:42.809869
2205.0,8054.0,2205B01C8054D02,1.0,,,,,2.0,,,,,,,,,,,,,,,,archived_images_no_db_record,2025-11-30T16:45:42.809883
2205.0,8062.0,2205B01C8062D02,1.0,,,,,2.0,,,,,,,,,,,,,,,,archived_images_no_db_record,2025-11-30T16:45:42.809897
2205.0,8067.0,2205B01C8067D02,1.0,,,,,2.0,,,,,,,,,,,,,,,,archived_images_no_db_record,2025-11-30T16:45:42.809910
2205.0,8070.0,2205B01C8070D02,1.0,,,,,2.0,,,,,,,,,,,,,,,,archived_images_no_db_record,2025-11-30T16:45:42.809924
2205.0,8081.0,2205B01C8081D02,1.0,,,,,2.0,,,,,,,,,,,,,,,,archived_images_no_db_record,2025-11-30T16:45:42.809937
2205.0,8085.0,2205B01C8085D02,1.0,,,,,2.0,,,,,,,,,,,,,,,,archived_images_no_db_record,2025-11-30T16:45:42.809951
2205.0,8091.0,2205B01C8091D02,1.0,,,,,2.0,,,,,,,,,,,,,,,,archived_images_no_db_record,2025-11-30T16:45:42.809964
2205.0,8092.0,2205B01C8092D02,1.0,,,,,2.0,,,,,,,,,,,,,,,,archived_images_no_db_record,2025-11-30T16:45:42.809978
2205.0,8103.0,2205B01C8103D02,1.0,,,,,2.0,,,,,,,,,,,,,,,,archived_images_no_db_record,2025-11-30T16:45:42.809992
2205.0,8113.0,2205B01C8113D02,1.0,,,,,2.0,,,,,,,,,,,,,,,,archived_images_no_db_record,2025-11-30T16:45:42.810005
2205.0,8128.0,2205B01C8128D02,1.0,,,,,2.0,,,,,,,,,,,,,,,,archived_images_no_db_record,2025-11-30T16:45:42.810019
2205.0,2119.0,2205B02C2119D02,2.0,,,,,2.0,,,,,,,,,,,,,,,,archived_images_no_db_record,2025-11-30T16:45:42.810032
2205.0,2124.0,2205B02C2124D02,2.0,,,,,2.0,,,,,,,,,,,,,,,,archived_images_no_db_record,2025-11-30T16:45:42.810046
2205.0,2128.0,2205B02C2128D02,2.0,,,,,2.0,,,,,,,,,,,,,,,,archived_images_no_db_record,2025-11-30T16:45:42.810060
2205.0,2129.0,2205B02C2129D02,2.0,,,,,2.0,,,,,,,,,,,,,,,,archived_images_no_db_record,2025-11-30T16:45:42.810074
2205.0,2130.0,2205B02C2130D02,2.0,,,,,2.0,,,,,,,,,,,,,,,,archived_images_no_db_record,2025-11-30T16:45:42.810088
2205.0,2134.0,2205B02C2134D02,2.0,,,,,2.0,,,,,,,,,,,,,,,,archived_images_no_db_record,2025-11-30T16:45:42.810101
2205.0,2143.0,2205B02C2143D02,2.0,,,,,2.0,,,,,,,,,,,,,,,,archived_images_no_db_record,2025-11-30T16:45:42.810116
2205.0,2154.0,2205B02C2154D02,2.0,,,,,2.0,,,,,,,,,,,,,,,,archived_images_no_db_record,2025-11-30T16:45:42.810130
2205.0,2159.0,2205B02C2159D02,2.0,,,,,2.0,,,,,,,,,,,,,,,,archived_images_no_db_record,2025-11-30T16:45:42.810144
2205.0,2165.0,2205B02C2165D02,2.0,,,,,2.0,,,,,,,,,,,,,,,,archived_images_no_db_record,2025-11-30T16:45:42.810158
2205.0,2168.0,2205B02C2168D02,2.0,,,,,2.0,,,,,,,,,,,,,,,,archived_images_no_db_record,2025-11-30T16:45:42.810171
2205.0,2169.0,2205B02C2169D02,2.0,,,,,2.0,,,,,,,,,,,,,,,,archived_images_no_db_record,2025-11-30T16:45:42.810186
2205.0,2174.0,2205B02C2174D02,2.0,,,,,2.0,,,,,,,,,,,,,,,,archived_images_no_db_record,2025-11-30T16:45:42.810200
2205.0,2176.0,2205B02C2176D02,2.0,,,,,2.0,,,,,,,,,,,,,,,,archived_images_no_db_record,2025-11-30T16:45:42.810213
2205.0,2196.0,2205B02C2196D02,2.0,,,,,2.0,,,,,,,,,,,,,,,,archived_images_no_db_record,2025-11-30T16:45:42.810227
2205.0,2204.0,2205B02C2204D02,2.0,,,,,2.0,,,,,,,,,,,,,,,,archived_images_no_db_record,2025-11-30T16:45:42.810241
2205.0,2213.0,2205B02C2213D02,2.0,,,,,2.0,,,,,,,,,,,,,,,,archived_images_no_db_record,2025-11-30T16:45:42.810254
2205.0,2216.0,2205B02C2216D02,2.0,,,,,2.0,,,,,,,,,,,,,,,,archived_images_no_db_record,2025-11-30T16:45:42.810270
2205.0,2226.0,2205B02C2226D01,2.0,,,,,1.0,,,,,,,,,,,,,,,,archived_images_no_db_record,2025-11-30T16:45:42.810283
2205.0,8132.0,2205B02C8132D02,2.0,,,,,2.0,,,,,,,,,,,,,,,,archived_images_no_db_record,2025-11-30T16:45:42.810297
2205.0,8139.0,2205B02C8139D02,2.0,,,,,2.0,,,,,,,,,,,,,,,,archived_images_no_db_record,2025-11-30T16:45:42.810311
2205.0,8140.0,2205B02C8140D02,2.0,,,,,2.0,,,,,,,,,,,,,,,,archived_images_no_db_record,2025-11-30T16:45:42.810325
2205.0,8143.0,2205B02C8143D02,2.0,,,,,2.0,,,,,,,,,,,,,,,,archived_images_no_db_record,2025-11-30T16:45:42.810338
2205.0,8146.0,2205B02C8146D02,2.0,,,,,2.0,,,,,,,,,,,,,,,,archived_images_no_db_record,2025-11-30T16:45:42.810352
2205.0,8152.0,2205B02C8152D02,2.0,,,,,2.0,,,,,,,,,,,,,,,,archived_images_no_db_record,2025-11-30T16:45:42.810365
2205.0,8155.0,2205B02C8155D02,2.0,,,,,2.0,,,,,,,,,,,,,,,,archived_images_no_db_record,2025-11-30T16:45:42.810379
2205.0,8158.0,2205B02C8158D02,2.0,,,,,2.0,,,,,,,,,,,,,,,,archived_images_no_db_record,2025-11-30T16:45:42.810393
2205.0,8159.0,2205B02C8159D02,2.0,,,,,2.0,,,,,,,,,,,,,,,,archived_images_no_db_record,2025-11-30T16:45:42.810408
2205.0,8175.0,2205B02C8175D02,2.0,,,,,2.0,,,,,,,,,,,,,,,,archived_images_no_db_record,2025-11-30T16:45:42.810422
2205.0,8186.0,2205B02C8186D02,2.0,,,,,2.0,,,,,,,,,,,,,,,,archived_images_no_db_record,2025-11-30T16:45:42.810435
2205.0,8187.0,2205B02C8187D02,2.0,,,,,2.0,,,,,,,,,,,,,,,,archived_images_no_db_record,2025-11-30T16:45:42.810449
2205.0,8191.0,2205B02C8191D02,2.0,,,,,2.0,,,,,,,,,,,,,,,,archived_images_no_db_record,2025-11-30T16:45:42.810462
2205.0,8196.0,2205B02C8196D02,2.0,,,,,2.0,,,,,,,,,,,,,,,,archived_images_no_db_record,2025-11-30T16:45:42.810476
2205.0,8210.0,2205B02C8210D02,2.0,,,,,2.0,,,,,,,,,,,,,,,,archived_images_no_db_record,2025-11-30T16:45:42.810489
2205.0,8211.0,2205B02C8211D02,2.0,,,,,2.0,,,,,,,,,,,,,,,,archived_images_no_db_record,2025-11-30T16:45:42.810503
2205.0,8218.0,2205B02C8218D02,2.0,,,,,2.0,,,,,,,,,,,,,,,,archived_images_no_db_record,2025-11-30T16:45:42.810517
2205.0,8220.0,2205B02C8220D02,2.0,,,,,2.0,,,,,,,,,,,,,,,,archived_images_no_db_record,2025-11-30T16:45:42.810531
2205.0,8227.0,2205B02C8227D02,2.0,,,,,2.0,,,,,,,,,,,,,,,,archived_images_no_db_record,2025-11-30T16:45:42.810545
2205.0,8255.0,2205B02C8255D02,2.0,,,,,2.0,,,,,,,,,,,,,,,,archived_images_no_db_record,2025-11-30T16:45:42.810559
2217.0,1.0,2217B00C0001D00,0.0,,,,,0.0,,,,,,,,,,,,,,,,archived_images_no_db_record,2025-11-30T16:45:42.810573
2217.0,2.0,2217B00C0002D00,0.0,,,,,0.0,,,,,,,,,,,,,,,,archived_images_no_db_record,2025-11-30T16:45:42.810587
2217.0,3.0,2217B00C0003D00,0.0,,,,,0.0,,,,,,,,,,,,,,,,archived_images_no_db_record,2025-11-30T16:45:42.810600
2217.0,4.0,2217B00C0004D00,0.0,,,,,0.0,,,,,,,,,,,,,,,,archived_images_no_db_record,2025-11-30T16:45:42.810614
2217.0,5.0,2217B00C0005D00,0.0,,,,,0.0,,,,,,,,,,,,,,,,archived_images_no_db_record,2025-11-30T16:45:42.810628
2217.0,6.0,2217B00C0006D00,0.0,,,,,0.0,,,,,,,,,,,,,,,,archived_images_no_db_record,2025-11-30T16:45:42.810642
2217.0,7.0,2217B00C0007D00,0.0,,,,,0.0,,,,,,,,,,,,,,,,archived_images_no_db_record,2025-11-30T16:45:42.810655
2217.0,8.0,2217B00C0008D00,0.0,,,,,0.0,,,,,,,,,,,,,,,,archived_images_no_db_record,2025-11-30T16:45:42.810669
2217.0,9.0,2217B00C0009D00,0.0,,,,,0.0,,,,,,,,,,,,,,,,archived_images_no_db_record,2025-11-30T16:45:42.810683
2217.0,10.0,2217B00C0010D00,0.0,,,,,0.0,,,,,,,,,,,,,,,,archived_images_no_db_record,2025-11-30T16:45:42.810696
2217.0,11.0,2217B00C0011D00,0.0,,,,,0.0,,,,,,,,,,,,,,,,archived_images_no_db_record,2025-11-30T16:45:42.810711
2217.0,12.0,2217B00C0012D00,0.0,,,,,0.0,,,,,,,,,,,,,,,,archived_images_no_db_record,2025-11-30T16:45:42.810724
2217.0,13.0,2217B00C0013D00,0.0,,,,,0.0,,,,,,,,,,,,,,,,archived_images_no_db_record,2025-11-30T16:45:42.810738
2217.0,14.0,2217B00C0014D00,0.0,,,,,0.0,,,,,,,,,,,,,,,,archived_images_no_db_record,2025-11-30T16:45:42.810751
2217.0,15.0,2217B00C0015D00,0.0,,,,,0.0,,,,,,,,,,,,,,,,archived_images_no_db_record,2025-11-30T16:45:42.810765
2217.0,16.0,2217B00C0016D00,0.0,,,,,0.0,,,,,,,,,,,,,,,,archived_images_no_db_record,2025-11-30T16:45:42.810779
2217.0,17.0,2217B00C0017D00,0.0,,,,,0.0,,,,,,,,,,,,,,,,archived_images_no_db_record,2025-11-30T16:45:42.810793
2217.0,18.0,2217B00C0018D00,0.0,,,,,0.0,,,,,,,,,,,,,,,,archived_images_no_db_record,2025-11-30T16:45:42.810806
2217.0,19.0,2217B00C0019D00,0.0,,,,,0.0,,,,,,,,,,,,,,,,archived_images_no_db_record,2025-11-30T16:45:42.810820
2217.0,20.0,2217B00C0020D00,0.0,,,,,0.0,,,,,,,,,,,,,,,,archived_images_no_db_record,2025-11-30T16:45:42.810834
2217.0,21.0,2217B00C0021D00,0.0,,,,,0.0,,,,,,,,,,,,,,,,archived_images_no_db_record,2025-11-30T16:45:42.810847
2217.0,22.0,2217B00C0022D00,0.0,,,,,0.0,,,,,,,,,,,,,,,,archived_images_no_db_record,2025-11-30T16:45:42.810861
2217.0,23.0,2217B00C0023D00,0.0,,,,,0.0,,,,,,,,,,,,,,,,archived_images_no_db_record,2025-11-30T16:45:42.810874
2217.0,24.0,2217B00C0024D00,0.0,,,,,0.0,,,,,,,,,,,,,,,,archived_images_no_db_record,2025-11-30T16:45:42.810888
2217.0,25.0,2217B00C0025D00,0.0,,,,,0.0,,,,,,,,,,,,,,,,archived_images_no_db_record,2025-11-30T16:45:42.810901
2217.0,26.0,2217B00C0026D00,0.0,,,,,0.0,,,,,,,,,,,,,,,,archived_images_no_db_record,2025-11-30T16:45:42.810915
2217.0,27.0,2217B00C0027D00,0.0,,,,,0.0,,,,,,,,,,,,,,,,archived_images_no_db_record,2025-11-30T16:45:42.810928
2217.0,28.0,2217B00C0028D00,0.0,,,,,0.0,,,,,,,,,,,,,,,,archived_images_no_db_record,2025-11-30T16:45:42.810942
2217.0,29.0,2217B00C0029D00,0.0,,,,,0.0,,,,,,,,,,,,,,,,archived_images_no_db_record,2025-11-30T16:45:42.810956
2217.0,30.0,2217B00C0030D00,0.0,,,,,0.0,,,,,,,,,,,,,,,,archived_images_no_db_record,2025-11-30T16:45:42.810971
2217.0,31.0,2217B00C0031D00,0.0,,,,,0.0,,,,,,,,,,,,,,,,archived_images_no_db_record,2025-11-30T16:45:42.810984
2217.0,32.0,2217B00C0032D00,0.0,,,,,0.0,,,,,,,,,,,,,,,,archived_images_no_db_record,2025-11-30T16:45:42.811000
2217.0,33.0,2217B00C0033D00,0.0,,,,,0.0,,,,,,,,,,,,,,,,archived_images_no_db_record,2025-11-30T16:45:42.811014
2217.0,34.0,2217B00C0034D00,0.0,,,,,0.0,,,,,,,,,,,,,,,,archived_images_no_db_record,2025-11-30T16:45:42.811027
2217.0,35.0,2217B00C0035D00,0.0,,,,,0.0,,,,,,,,,,,,,,,,archived_images_no_db_record,2025-11-30T16:45:42.811041
2217.0,36.0,2217B00C0036D00,0.0,,,,,0.0,,,,,,,,,,,,,,,,archived_images_no_db_record,2025-11-30T16:45:42.811054
2217.0,37.0,2217B00C0037D00,0.0,,,,,0.0,,,,,,,,,,,,,,,,archived_images_no_db_record,2025-11-30T16:45:42.811068
2217.0,38.0,2217B00C0038D00,0.0,,,,,0.0,,,,,,,,,,,,,,,,archived_images_no_db_record,2025-11-30T16:45:42.811082
2217.0,39.0,2217B00C0039D00,0.0,,,,,0.0,,,,,,,,,,,,,,,,archived_images_no_db_record,2025-11-30T16:45:42.811096
2217.0,40.0,2217B00C0040D00,0.0,,,,,0.0,,,,,,,,,,,,,,,,archived_images_no_db_record,2025-11-30T16:45:42.811109
2217.0,41.0,2217B00C0041D00,0.0,,,,,0.0,,,,,,,,,,,,,,,,archived_images_no_db_record,2025-11-30T16:45:42.811123
2217.0,42.0,2217B00C0042D00,0.0,,,,,0.0,,,,,,,,,,,,,,,,archived_images_no_db_record,2025-11-30T16:45:42.811136
2217.0,43.0,2217B00C0043D00,0.0,,,,,0.0,,,,,,,,,,,,,,,,archived_images_no_db_record,2025-11-30T16:45:42.811151
2217.0,44.0,2217B00C0044D00,0.0,,,,,0.0,,,,,,,,,,,,,,,,archived_images_no_db_record,2025-11-30T16:45:42.811164
2217.0,45.0,2217B00C0045D00,0.0,,,,,0.0,,,,,,,,,,,,,,,,archived_images_no_db_record,2025-11-30T16:45:42.811178
2217.0,46.0,2217B00C0046D00,0.0,,,,,0.0,,,,,,,,,,,,,,,,archived_images_no_db_record,2025-11-30T16:45:42.811192
2217.0,47.0,2217B00C0047D00,0.0,,,,,0.0,,,,,,,,,,,,,,,,archived_images_no_db_record,2025-11-30T16:45:42.811205
2217.0,48.0,2217B00C0048D00,0.0,,,,,0.0,,,,,,,,,,,,,,,,archived_images_no_db_record,2025-11-30T16:45:42.811219
,,2304B00C0029(2)D00,,,,,,,,,,,,,,,,,,,,,,archived_images_no_db_record,2025-11-30T16:45:42.811232
2304.0,30.0,2304B00C0030D00,0.0,,,,,0.0,,,,,,,,,,,,,,,,archived_images_no_db_record,2025-11-30T16:45:42.811246
2304.0,64.0,2304B00C0064D00,0.0,,,,,0.0,,,,,,,,,,,,,,,,archived_images_no_db_record,2025-11-30T16:45:42.811260
2304.0,77.0,2304B00C0077D00,0.0,,,,,0.0,,,,,,,,,,,,,,,,archived_images_no_db_record,2025-11-30T16:45:42.811274
2304.0,85.0,2304B00C0085D00,0.0,,,,,0.0,,,,,,,,,,,,,,,,archived_images_no_db_record,2025-11-30T16:45:42.811287
2304.0,98.0,2304B00C0098D00,0.0,,,,,0.0,,,,,,,,,,,,,,,,archived_images_no_db_record,2025-11-30T16:45:42.811302
2304.0,100.0,2304B00C0100D00,0.0,,,,,0.0,,,,,,,,,,,,,,,,archived_images_no_db_record,2025-11-30T16:45:42.811315
2304.0,101.0,2304B00C0101D00,0.0,,,,,0.0,,,,,,,,,,,,,,,,archived_images_no_db_record,2025-11-30T16:45:42.811329
2304.0,109.0,2304B00C0109D00,0.0,,,,,0.0,,,,,,,,,,,,,,,,archived_images_no_db_record,2025-11-30T16:45:42.811343
2304.0,133.0,2304B00C0133D00,0.0,,,,,0.0,,,,,,,,,,,,,,,,archived_images_no_db_record,2025-11-30T16:45:42.811357
2304.0,145.0,2304B00C0145D00,0.0,,,,,0.0,,,,,,,,,,,,,,,,archived_images_no_db_record,2025-11-30T16:45:42.811371
2304.0,178.0,2304B00C0178D00,0.0,,,,,0.0,,,,,,,,,,,,,,,,archived_images_no_db_record,2025-11-30T16:45:42.811384
2304.0,198.0,2304B00C0198D00,0.0,,,,,0.0,,,,,,,,,,,,,,,,archived_images_no_db_record,2025-11-30T16:45:42.811398
2304.0,200.0,2304B00C0200D00,0.0,,,,,0.0,,,,,,,,,,,,,,,,archived_images_no_db_record,2025-11-30T16:45:42.811411
2304.0,201.0,2304B00C0201D00,0.0,,,,,0.0,,,,,,,,,,,,,,,,archived_images_no_db_record,2025-11-30T16:45:42.811425
2304.0,202.0,2304B00C0202D00,0.0,,,,,0.0,,,,,,,,,,,,,,,,archived_images_no_db_record,2025-11-30T16:45:42.811440
2304.0,203.0,2304B00C0203D00,0.0,,,,,0.0,,,,,,,,,,,,,,,,archived_images_no_db_record,2025-11-30T16:45:42.811454
2304.0,204.0,2304B00C0204D00,0.0,,,,,0.0,,,,,,,,,,,,,,,,archived_images_no_db_record,2025-11-30T16:45:42.811468
2304.0,205.0,2304B00C0205D00,0.0,,,,,0.0,,,,,,,,,,,,,,,,archived_images_no_db_record,2025-11-30T16:45:42.811481
2304.0,206.0,2304B00C0206D00,0.0,,,,,0.0,,,,,,,,,,,,,,,,archived_images_no_db_record,2025-11-30T16:45:42.811495
2304.0,207.0,2304B00C0207D00,0.0,,,,,0.0,,,,,,,,,,,,,,,,archived_images_no_db_record,2025-11-30T16:45:42.811509
2304.0,208.0,2304B00C0208D00,0.0,,,,,0.0,,,,,,,,,,,,,,,,archived_images_no_db_record,2025-11-30T16:45:42.811523
2304.0,209.0,2304B00C0209D00,0.0,,,,,0.0,,,,,,,,,,,,,,,,archived_images_no_db_record,2025-11-30T16:45:42.811537
2304.0,210.0,2304B00C0210D00,0.0,,,,,0.0,,,,,,,,,,,,,,,,archived_images_no_db_record,2025-11-30T16:45:42.811551
2304.0,292.0,2304B00C0292D00,0.0,,,,,0.0,,,,,,,,,,,,,,,,archived_images_no_db_record,2025-11-30T16:45:42.811565
2307.0,1156.0,2307B01C1156D01,1.0,,,,,1.0,,,,,,,,,,,,,,,,archived_images_no_db_record,2025-11-30T16:45:42.811579
